"CouldBeThis" pushed new code on "Sat, 16 Jul 2022 13:45:58 +0000" with title: "Remove expired "marktext.app" domain (#3350)" and stats:	 10 files changed, 10 insertions(+), 14 deletions(-)	
"Felix Häusler" pushed new code on "Sun, 27 Mar 2022 05:27:39 +0200" with title: "Replace node-spellchecker with Electron builtin spell checker (#2895)" and stats:	 52 files changed, 887 insertions(+), 2164 deletions(-)	
"Felix Häusler" pushed new code on "Sun, 27 Mar 2022 04:54:02 +0200" with title: "Refactor menu actions and shortcut handling (#3032)" and stats:	 39 files changed, 932 insertions(+), 482 deletions(-)	
"Felix Häusler" pushed new code on "Mon, 21 Mar 2022 14:52:37 +0100" with title: "Remove Wayland workaround (#3147)" and stats:	 1 file changed, 5 deletions(-)	
"Felix Häusler" pushed new code on "Sun, 20 Mar 2022 12:43:43 +0100" with title: "Upgrade Electron to v17 (#3138)" and stats:	 13 files changed, 570 insertions(+), 584 deletions(-)	
"Mitch Capper (they, them)" pushed new code on "Sat, 19 Mar 2022 12:01:44 -0700" with title: "Don't copy (or on cut) empty data to the clipboard, matches native behavior (#3130)" and stats:	 1 file changed, 36 insertions(+), 21 deletions(-)	
"or1ko" pushed new code on "Tue, 15 Mar 2022 12:02:29 +0900" with title: "Fixed multi line highlight. (#3115)" and stats:	 1 file changed, 1 deletion(-)	
"Felix Häusler" pushed new code on "Mon, 7 Mar 2022 19:09:38 +0100" with title: "0.17.1 (#3105)" and stats:	 13 files changed, 29 insertions(+), 23 deletions(-)	
"vdeschuy" pushed new code on "Mon, 7 Mar 2022 16:16:05 +0100" with title: "Fix typo in the DataCenter class init method (#3104)" and stats:	 1 file changed, 2 insertions(+), 2 deletions(-)	
"Chayoung You" pushed new code on "Mon, 7 Mar 2022 06:32:20 +0900" with title: "Fix links to macOS release (#3099)" and stats:	 10 files changed, 10 insertions(+), 10 deletions(-)	
"Kiyoka Nishiyama" pushed new code on "Sun, 6 Mar 2022 17:10:55 +0900" with title: "fix: #2816 "delete" shortcut on a selected image deletes the text after it (#3088)" and stats:	 2 files changed, 8 insertions(+)	
"Felix Häusler" pushed new code on "Sun, 6 Mar 2022 05:16:50 +0100" with title: "Update dependencies (#3096)" and stats:	 2 files changed, 15 insertions(+), 6 deletions(-)	
"Felix Häusler" pushed new code on "Sun, 6 Mar 2022 05:15:24 +0100" with title: "Add native support for Apple M1 (#3089)" and stats:	 3 files changed, 13 insertions(+), 4 deletions(-)	
"Felix Häusler" pushed new code on "Sun, 6 Mar 2022 05:12:34 +0100" with title: "Fix image paste handler is not executed (#3076)" and stats:	 1 file changed, 3 deletions(-)	
"Lori" pushed new code on "Sun, 27 Feb 2022 23:15:42 +0900" with title: "Update auto pair quote logic (#2960)" and stats:	 2 files changed, 4 insertions(+), 4 deletions(-)	
"Felix Häusler" pushed new code on "Sun, 27 Feb 2022 15:06:50 +0100" with title: "Ignore empty key bindings (#3077)" and stats:	 1 file changed, 3 insertions(+)	
"Felix Häusler" pushed new code on "Wed, 23 Feb 2022 20:40:20 +0100" with title: "0.17.0 (#3059)" and stats:	 14 files changed, 582 insertions(+), 976 deletions(-)	
"Felix Häusler" pushed new code on "Tue, 22 Feb 2022 21:44:56 +0100" with title: "Ignore watcher event if mtime doesn't changed (#3057)" and stats:	 9 files changed, 38 insertions(+), 20 deletions(-)	
"SamuelBorn" pushed new code on "Mon, 21 Feb 2022 17:16:41 +0100" with title: "Added the AUR to LINUX.md installation guide (#3043)" and stats:	 1 file changed, 14 insertions(+)	
"Felix Häusler" pushed new code on "Mon, 21 Feb 2022 17:15:33 +0100" with title: "fix-#3019: Workaround for post window shutdown exception (#3031)" and stats:	 4 files changed, 95 insertions(+), 1 deletion(-)	
"Felix Häusler" pushed new code on "Sun, 20 Feb 2022 17:22:09 +0100" with title: "Remove accelerator for heading size on Windows (#3050)" and stats:	 7 files changed, 26 insertions(+), 18 deletions(-)	
"Felix Häusler" pushed new code on "Sun, 20 Feb 2022 17:11:18 +0100" with title: "Remove macos arm64 package (#3052)" and stats:	 3 files changed, 4 insertions(+), 5 deletions(-)	
"Felix Häusler" pushed new code on "Sun, 20 Feb 2022 17:11:05 +0100" with title: "Update dependencies (#3053)" and stats:	 2 files changed, 777 insertions(+), 953 deletions(-)	
"Felix Häusler" pushed new code on "Sun, 20 Feb 2022 13:52:37 +0100" with title: "fix clickable HTML links on Windows (#3015) (#3033)" and stats:	 3 files changed, 50 insertions(+), 6 deletions(-)	
"Felix Häusler" pushed new code on "Fri, 18 Feb 2022 11:09:11 +0100" with title: "Check for same file before pasting (#3034)" and stats:	 1 file changed, 13 insertions(+), 3 deletions(-)	
"Felix Häusler" pushed new code on "Fri, 18 Feb 2022 11:01:25 +0100" with title: "Fix XSS in HTML table paste content (#3002)" and stats:	 7 files changed, 39 insertions(+), 37 deletions(-)	
"Felix Häusler" pushed new code on "Mon, 7 Feb 2022 11:55:54 +0100" with title: "Fix code intellisense and Vetur (#2988)" and stats:	 3 files changed, 33 insertions(+)	
"Felix Häusler" pushed new code on "Mon, 7 Feb 2022 11:55:45 +0100" with title: "fix: prevent HTML rendering in preview mode (#2986)" and stats:	 1 file changed, 17 insertions(+), 4 deletions(-)	
"Felix Häusler" pushed new code on "Mon, 7 Feb 2022 03:30:41 +0100" with title: "Fix non-character key unit tests (#2987)" and stats:	 1 file changed, 2 insertions(+), 4 deletions(-)	
"Jia Hao xiang" pushed new code on "Sat, 5 Feb 2022 03:38:33 +0800" with title: "fix new tab file extension (#2755)" and stats:	 1 file changed, 2 insertions(+)	
"Felix Häusler" pushed new code on "Fri, 4 Feb 2022 20:37:07 +0100" with title: "Fix non-character key bindings and Alt+F4 on Windows (#2974)" and stats:	 5 files changed, 70 insertions(+), 12 deletions(-)	
"Felix Häusler" pushed new code on "Fri, 4 Feb 2022 20:36:51 +0100" with title: "Bump version to v0.17.0-rc.2 (#2973)" and stats:	 1 file changed, 1 insertion(+), 1 deletion(-)	
"Ran Luo" pushed new code on "Mon, 31 Jan 2022 10:58:07 +0800" with title: "fix: escape html in code block (#2967)" and stats:	 6 files changed, 37 insertions(+), 27 deletions(-)	
"Felix Häusler" pushed new code on "Sun, 30 Jan 2022 18:38:10 +0100" with title: "Fix prebuilt architecture on macOS (#2965)" and stats:	 5 files changed, 220 insertions(+), 289 deletions(-)	
"Felix Häusler" pushed new code on "Sun, 30 Jan 2022 12:35:37 +0100" with title: "Bump version to v0.17.0-rc1 (#2952)" and stats:	 3 files changed, 53 insertions(+), 1 deletion(-)	
"Felix Häusler" pushed new code on "Sat, 29 Jan 2022 16:25:35 +0100" with title: "Update changelog (#2887)" and stats:	 5 files changed, 87 insertions(+), 25 deletions(-)	
"Felix Häusler" pushed new code on "Sat, 29 Jan 2022 15:14:19 +0100" with title: "Fix issues with non-US keyboards and add key binding settings page (#2930)" and stats:	 41 files changed, 2076 insertions(+), 1231 deletions(-)	
"Felix Häusler" pushed new code on "Sat, 29 Jan 2022 09:01:39 +0100" with title: "Fix mermaid.js XSS (#2947)" and stats:	 8 files changed, 557 insertions(+), 325 deletions(-)	
"Felix Häusler" pushed new code on "Fri, 28 Jan 2022 17:42:12 +0100" with title: "Add architecture to artifact name on macOS (#2945)" and stats:	 2 files changed, 6 insertions(+), 4 deletions(-)	
"Felix Häusler" pushed new code on "Thu, 27 Jan 2022 22:02:21 +0100" with title: "Fix invalid relative image path (#2935)" and stats:	 5 files changed, 52 insertions(+), 19 deletions(-)	
"Felix Häusler" pushed new code on "Tue, 25 Jan 2022 15:38:18 +0100" with title: "Remove debug info from ripgrep [skip ci] (#2931)" and stats:	 1 file changed, 4 insertions(+)	
"Mad Godinez" pushed new code on "Mon, 24 Jan 2022 21:16:07 -0600" with title: "Fixed grammar, spelling, readability + [BUG] (#2932)" and stats:	 1 file changed, 24 insertions(+), 21 deletions(-)	
"Kiyoka Nishiyama" pushed new code on "Sun, 23 Jan 2022 23:20:40 +0000" with title: "fix: #703 invalidate image cache on demand (#2875)" and stats:	 16 files changed, 86 insertions(+), 11 deletions(-)	
"Ran Luo" pushed new code on "Mon, 24 Jan 2022 07:14:45 +0800" with title: "feat: update keybindings icon (#2919)" and stats:	 3 files changed, 3 insertions(+), 3 deletions(-)	
"Ran Luo" pushed new code on "Sat, 22 Jan 2022 00:50:57 +0800" with title: "opti: update emojis (#2897)" and stats:	 1 file changed, 10037 insertions(+), 6235 deletions(-)	
"Ran Luo" pushed new code on "Fri, 21 Jan 2022 23:56:01 +0800" with title: "build: update dependences (#2898)" and stats:	 5 files changed, 1039 insertions(+), 691 deletions(-)	
"Shashwat Sharma" pushed new code on "Fri, 21 Jan 2022 19:00:05 +0530" with title: "feat: set default name of exported file to current filename (#2902)" and stats:	 1 file changed, 2 insertions(+), 2 deletions(-)	
"Luo Tao" pushed new code on "Fri, 21 Jan 2022 21:29:48 +0800" with title: "feat: set image folder to .assets, create folder without filename extension. (#2905)" and stats:	 1 file changed, 1 insertion(+), 1 deletion(-)	
"Vaibhaw" pushed new code on "Fri, 21 Jan 2022 14:33:22 +0530" with title: "Update README.md (#2917)" and stats:	 1 file changed, 2 insertions(+), 2 deletions(-)	
"pokir" pushed new code on "Fri, 21 Jan 2022 08:00:42 +0300" with title: "Add periods at the end of sentences in README.md (#2916)" and stats:	 1 file changed, 2 insertions(+), 1 deletion(-)	
"Ran Luo" pushed new code on "Mon, 17 Jan 2022 01:28:21 +0800" with title: "Feat/use picgo to upload image (#2890)" and stats:	 19 files changed, 454 insertions(+), 442 deletions(-)	
"Ran Luo" pushed new code on "Sun, 16 Jan 2022 23:10:20 +0800" with title: "feat: Remove aidou (#2889)" and stats:	 29 files changed, 7 insertions(+), 778 deletions(-)	
"Felix Häusler" pushed new code on "Sun, 16 Jan 2022 16:06:03 +0100" with title: "Fix invalid fallback accelerator warning (#2892)" and stats:	 3 files changed, 8 insertions(+), 9 deletions(-)	
"Felix Häusler" pushed new code on "Sun, 16 Jan 2022 16:05:46 +0100" with title: "Fix multiple JS issues (#2893)" and stats:	 6 files changed, 14 insertions(+), 10 deletions(-)	
"Flex Zhong" pushed new code on "Sun, 16 Jan 2022 22:18:39 +0800" with title: "Update zh_cn.md (#2894)" and stats:	 1 file changed, 13 insertions(+), 5 deletions(-)	
"bigshans" pushed new code on "Sat, 15 Jan 2022 15:43:55 +0800" with title: "fix: fix sidebar display bug when data empty (#2883)" and stats:	 1 file changed, 9 insertions(+)	
"Ran Luo" pushed new code on "Sat, 15 Jan 2022 00:29:16 +0800" with title: "fix: codeblock cursor error #2013 (#2885)" and stats:	 1 file changed, 29 insertions(+), 2 deletions(-)	
"Ran Luo" pushed new code on "Sat, 15 Jan 2022 00:17:10 +0800" with title: "fix: fix export mermaid pie chart error (#2846)" and stats:	 3 files changed, 21 insertions(+), 20 deletions(-)	
"Felix Häusler" pushed new code on "Thu, 13 Jan 2022 22:20:18 +0100" with title: "Add filename variable to relative image action (#2879)" and stats:	 6 files changed, 97 insertions(+), 61 deletions(-)	
"Felix Häusler" pushed new code on "Thu, 13 Jan 2022 22:19:42 +0100" with title: "fix: 2269 Append soft-lines on text removal (#2853)" and stats:	 1 file changed, 17 insertions(+), 3 deletions(-)	
"toSayNothing" pushed new code on "Fri, 14 Jan 2022 00:14:46 +0800" with title: "fix: #2836 fix formula first render (#2860)" and stats:	 2 files changed, 20 insertions(+), 2 deletions(-)	
"Ran Luo" pushed new code on "Thu, 13 Jan 2022 12:59:57 +0800" with title: "fix: #2854 codeblock highlight error (#2877)" and stats:	 4 files changed, 25 insertions(+), 22 deletions(-)	
"bolshoytoster" pushed new code on "Wed, 12 Jan 2022 20:14:50 +0000" with title: "Added support for image path variables (#2809) (#2826)" and stats:	 4 files changed, 28 insertions(+), 31 deletions(-)	
"Felix Häusler" pushed new code on "Wed, 12 Jan 2022 14:16:51 +0100" with title: "Fix async IO function in renderer (#2863)" and stats:	 3 files changed, 32 insertions(+), 38 deletions(-)	
"Jefferey Neuffer" pushed new code on "Wed, 12 Jan 2022 04:32:43 +1000" with title: "Add zoom persistence (#2858)" and stats:	 8 files changed, 73 insertions(+), 1 deletion(-)	
"toSayNothing" pushed new code on "Sun, 9 Jan 2022 01:08:21 +0800" with title: "fix: fix new line page scroll (fix #2541, fix #2470) (#2861)" and stats:	 1 file changed, 2 insertions(+), 2 deletions(-)	
"Felix Häusler" pushed new code on "Sat, 8 Jan 2022 17:28:23 +0100" with title: "Fix editor overflow (#2850)" and stats:	 5 files changed, 21 insertions(+), 18 deletions(-)	
"Felix Häusler" pushed new code on "Sat, 8 Jan 2022 17:28:01 +0100" with title: "Use system dependent key bindings (#2849)" and stats:	 21 files changed, 916 insertions(+), 262 deletions(-)	
"toSayNothing" pushed new code on "Sun, 9 Jan 2022 00:11:59 +0800" with title: "fix: #2851 #2805 fix toc update when modifying headers (#2857)" and stats:	 1 file changed, 1 insertion(+), 1 deletion(-)	
"Tarcisio Gruppi" pushed new code on "Sat, 8 Jan 2022 13:00:28 -0300" with title: "added option to use a command line script as image uploader (#2100)" and stats:	 4 files changed, 103 insertions(+), 10 deletions(-)	
"Ran Luo" pushed new code on "Thu, 6 Jan 2022 23:12:47 +0800" with title: "fix: search group (#2842)" and stats:	 2 files changed, 19 insertions(+), 13 deletions(-)	
"DesktopFolder" pushed new code on "Tue, 4 Jan 2022 13:05:10 -0800" with title: "Do not use Cmd+Tab as a keybind on macOS. (#2841)" and stats:	 2 files changed, 4 insertions(+), 4 deletions(-)	
"Felix Häusler" pushed new code on "Mon, 3 Jan 2022 17:52:32 +0100" with title: "Invalidate CI cache and use async path exists (#2845)" and stats:	 4 files changed, 11 insertions(+), 8 deletions(-)	
"Ran Luo" pushed new code on "Tue, 4 Jan 2022 00:26:44 +0800" with title: "feat: optimization of auto complement of markdown syntax (#2843)" and stats:	 1 file changed, 3 insertions(+), 4 deletions(-)	
"Felix Häusler" pushed new code on "Mon, 3 Jan 2022 17:06:47 +0100" with title: "Fix markdown footnote parser (#2840)" and stats:	 3 files changed, 512 insertions(+), 2 deletions(-)	
"Sukka" pushed new code on "Mon, 3 Jan 2022 22:35:44 +0800" with title: "Remove unnecessary fs-extra usage (#2690)" and stats:	 11 files changed, 22 insertions(+), 20 deletions(-)	
"Martin Wittmann" pushed new code on "Mon, 3 Jan 2022 14:42:23 +0100" with title: "Issue 2566: Do not complete markdown syntax if the previous character is alphanumeric. (#2607)" and stats:	 1 file changed, 3 insertions(+)	
"ihipi" pushed new code on "Mon, 3 Jan 2022 09:47:19 +0100" with title: "Added Regex group replace on SearchMenu (#2205)" and stats:	 1 file changed, 18 insertions(+), 2 deletions(-)	
"Christoph Singewald" pushed new code on "Sun, 2 Jan 2022 21:13:37 +0100" with title: "fix: #2720 Alt gr problem on other keyboard layouts (#2769)" and stats:	 1 file changed, 11 insertions(+), 10 deletions(-)	
"Felix Häusler" pushed new code on "Sun, 2 Jan 2022 20:59:48 +0100" with title: "Normalize Codemirror cursor that start is always before end (#2834)" and stats:	 3 files changed, 15 insertions(+), 5 deletions(-)	
"Felix Häusler" pushed new code on "Sun, 2 Jan 2022 20:58:14 +0100" with title: "Fix preference scaling and improve UX (#2815)" and stats:	 12 files changed, 492 insertions(+), 356 deletions(-)	
"Ran Luo" pushed new code on "Sun, 2 Jan 2022 22:15:06 +0800" with title: "fix: update file icons (#2838)" and stats:	 3 files changed, 19 insertions(+), 14 deletions(-)	
"Felix Häusler" pushed new code on "Sun, 2 Jan 2022 11:48:38 +0100" with title: "Update build tools (#2814)" and stats:	 47 files changed, 2267 insertions(+), 3727 deletions(-)	
"Felix Häusler" pushed new code on "Sun, 2 Jan 2022 09:57:19 +0100" with title: "Fix 'partialRender' cursor if the block was already removed from the state (#2835)" and stats:	 2 files changed, 18 insertions(+), 4 deletions(-)	
"Ran Luo" pushed new code on "Sat, 1 Jan 2022 10:41:33 +0800" with title: "fix: update file icons (#2817)" and stats:	 4 files changed, 13 insertions(+), 11 deletions(-)	
"ianegordon" pushed new code on "Fri, 31 Dec 2021 21:08:10 -0500" with title: "Update MARKDOWN_SYNTAX.md (#2832)" and stats:	 1 file changed, 1 insertion(+), 1 deletion(-)	
"Kiyoka Nishiyama" pushed new code on "Thu, 30 Dec 2021 11:11:46 +0000" with title: "fix: feature request 2106 (Always use forward slashes on Windows) (#2824)" and stats:	 1 file changed, 6 insertions(+), 1 deletion(-)	
"Felix Häusler" pushed new code on "Wed, 29 Dec 2021 15:58:28 +0100" with title: "Fix ESLint error and reduce PlantUML compression level (#2820)" and stats:	 1 file changed, 3 insertions(+), 3 deletions(-)	
"Felix Häusler" pushed new code on "Mon, 27 Dec 2021 16:22:43 +0100" with title: "Fix preference migrations (#2811)" and stats:	 3 files changed, 37 insertions(+), 7 deletions(-)	
"Rodrigo C" pushed new code on "Mon, 27 Dec 2021 10:09:14 -0500" with title: "Add support to PlantUML diagrams (#2625)" and stats:	 23 files changed, 148 insertions(+), 12 deletions(-)	
"Felix Häusler" pushed new code on "Mon, 27 Dec 2021 16:03:22 +0100" with title: "Fix build (#2810)" and stats:	 1 file changed, 1 insertion(+), 1 deletion(-)	
"Ran Luo" pushed new code on "Sun, 26 Dec 2021 16:21:00 +0800" with title: "feat: support solidity in codeblock and optimization of file icons (#2775)" and stats:	 12 files changed, 2310 insertions(+), 2373 deletions(-)	
"Felix Häusler" pushed new code on "Sat, 25 Dec 2021 17:32:52 +0100" with title: "Enable macOS arm64 build target (#2788)" and stats:	 2 files changed, 18 insertions(+), 15 deletions(-)	
"Pieter Edwards" pushed new code on "Sat, 25 Dec 2021 14:13:39 +0000" with title: "Fixed some grammar mistakes (#2783)" and stats:	 1 file changed, 5 insertions(+), 4 deletions(-)	
"Pieter Edwards" pushed new code on "Sat, 25 Dec 2021 14:10:02 +0000" with title: "Fixed grammar mistakes (#2784)" and stats:	 1 file changed, 5 insertions(+), 5 deletions(-)	
"Felix Häusler" pushed new code on "Sat, 25 Dec 2021 14:50:51 +0100" with title: "Code cleanup and improve issue templates (#2777)" and stats:	 4 files changed, 25 insertions(+), 13 deletions(-)	
"Felix Häusler" pushed new code on "Sat, 25 Dec 2021 14:45:42 +0100" with title: "fix animated scrolling (#2780)" and stats:	 2 files changed, 26 insertions(+), 27 deletions(-)	
"Ran Luo" pushed new code on "Sat, 25 Dec 2021 21:28:18 +0800" with title: "feat: change app name to MarkText and update spec test results (#2795)" and stats:	 13 files changed, 2212 insertions(+), 3368 deletions(-)	
"bolshoytoster" pushed new code on "Sat, 25 Dec 2021 13:05:58 +0000" with title: "Removed the space in 'Mark Text' (#2763) (#2782)" and stats:	 74 files changed, 372 insertions(+), 365 deletions(-)	
"Ran Luo" pushed new code on "Sat, 25 Dec 2021 20:53:49 +0800" with title: "fix: preference window style errors (#2794)" and stats:	 4 files changed, 30 insertions(+), 21 deletions(-)	
"brainchild0" pushed new code on "Sat, 25 Dec 2021 07:23:27 -0500" with title: "Improve templates in prefs box (#2230)" and stats:	 15 files changed, 152 insertions(+), 75 deletions(-)	
"Juuso Laine" pushed new code on "Sat, 25 Dec 2021 12:49:03 +0200" with title: "Add katex mhchem (#2327)" and stats:	 3 files changed, 3 insertions(+)	
"Felix Häusler" pushed new code on "Sat, 25 Dec 2021 11:06:34 +0100" with title: "Fix slow startup on Windows (#2786)" and stats:	 5 files changed, 194 insertions(+), 121 deletions(-)	
"Felix Häusler" pushed new code on "Sat, 25 Dec 2021 10:49:20 +0100" with title: "Fix wrong HTML escape in paste handler (#2787)" and stats:	 1 file changed, 1 insertion(+), 2 deletions(-)	
"ic-e" pushed new code on "Fri, 24 Dec 2021 01:51:50 +0800" with title: "docs: fix link from src/i18n/*.md to another (#2464)" and stats:	 4 files changed, 35 insertions(+), 35 deletions(-)	
"Beni Cherniavsky-Paskin" pushed new code on "Thu, 23 Dec 2021 19:50:15 +0200" with title: "build instructions: Correct case for libX11 (#2492)" and stats:	 1 file changed, 5 insertions(+), 5 deletions(-)	
"Adrian Bill" pushed new code on "Thu, 23 Dec 2021 09:49:32 -0800" with title: "Add winget to install options for windows (#2523)" and stats:	 1 file changed, 13 insertions(+), 5 deletions(-)	
"pan93412" pushed new code on "Fri, 24 Dec 2021 01:10:44 +0800" with title: "fix async exists call (#2490)" and stats:	 1 file changed, 1 insertion(+), 1 deletion(-)	
"ekoster1" pushed new code on "Wed, 22 Dec 2021 15:21:18 -0600" with title: "Open non-markdown files in default application #2396 (#2563)" and stats:	 1 file changed, 6 insertions(+), 3 deletions(-)	
"m-mcneive" pushed new code on "Wed, 22 Dec 2021 15:07:31 -0600" with title: "added automatic call to search for global search function (#2572)" and stats:	 1 file changed, 4 insertions(+)	
"Nikolai" pushed new code on "Wed, 22 Dec 2021 21:40:52 +0100" with title: "add link to FAC in Aidou preference (#2692)" and stats:	 1 file changed, 1 insertion(+)	
"Felix Häusler" pushed new code on "Sat, 18 Dec 2021 14:52:24 +0100" with title: "Update Electron to v15 (#2772)" and stats:	 26 files changed, 719 insertions(+), 725 deletions(-)	
"Felix Häusler" pushed new code on "Thu, 16 Dec 2021 21:14:06 +0100" with title: "fix XSS on language input and hyperlinks (#2548, #2601) (#2765)" and stats:	 13 files changed, 75 insertions(+), 35 deletions(-)	
"Kiyoka Nishiyama" pushed new code on "Sat, 11 Dec 2021 20:36:57 +0900" with title: "fix: issue 2652 Fixed a problem with image links being absolute paths. (#2676)" and stats:	 2 files changed, 7 insertions(+), 5 deletions(-)	
"Felix Häusler" pushed new code on "Sun, 5 Dec 2021 16:27:59 +0100" with title: "Update actions and enable Windows pipeline (#2727)" and stats:	 7 files changed, 196 insertions(+), 115 deletions(-)	
"Felix Häusler" pushed new code on "Thu, 2 Dec 2021 17:33:14 +0100" with title: "Enable Github Actions for Linux and macOS (replacing Travis CI) (#2691)" and stats:	 12 files changed, 3053 insertions(+), 2641 deletions(-)	
"Dmitriy Fishman" pushed new code on "Thu, 2 Dec 2021 14:00:01 +0200" with title: "Fix a typo in EDITING.md (#2724)" and stats:	 1 file changed, 2 insertions(+), 2 deletions(-)	
"Dmitriy Fishman" pushed new code on "Wed, 1 Dec 2021 10:50:32 +0200" with title: "Fix a typo in BASICS.md (#2716)" and stats:	 1 file changed, 1 insertion(+), 1 deletion(-)	
"orosmatthew" pushed new code on "Mon, 29 Nov 2021 11:12:53 -0500" with title: "fix: unable to un-indent a list item (#2640)" and stats:	 1 file changed, 1 insertion(+), 1 deletion(-)	
"Sebastian Frysztak" pushed new code on "Mon, 29 Nov 2021 17:03:05 +0100" with title: "chore(electron): bump to Electron 13 (#2670)" and stats:	 2 files changed, 350 insertions(+), 158 deletions(-)	
"Nikolai" pushed new code on "Mon, 29 Nov 2021 16:14:14 +0100" with title: "docs: Update "What is Aidou" in FAQ.md (#2693)" and stats:	 1 file changed, 1 insertion(+), 1 deletion(-)	
"Ivan Boothe" pushed new code on "Tue, 24 Aug 2021 01:52:10 -0700" with title: "Add link pointing 'download the AppImage' to the latest release (#2628)" and stats:	 1 file changed, 1 insertion(+), 1 deletion(-)	
"danila-io" pushed new code on "Sun, 4 Jul 2021 14:02:12 +0400" with title: "Fix a typo (Paragraphs instead of Paragraph) in the counter tooltip (#2614)" and stats:	 1 file changed, 1 insertion(+), 1 deletion(-)	
"Michelle S" pushed new code on "Tue, 8 Jun 2021 21:20:21 -0600" with title: "Fix typo (#2583)" and stats:	 1 file changed, 1 insertion(+), 1 deletion(-)	
"Felix Häusler" pushed new code on "Wed, 30 Dec 2020 10:49:33 +0100" with title: "Fix unable to open URL (#2453)" and stats:	 1 file changed, 9 insertions(+), 8 deletions(-)	
"Felix Häusler" pushed new code on "Sun, 27 Dec 2020 13:26:19 +0100" with title: "Release v0.16.3 (#2448)" and stats:	 15 files changed, 265 insertions(+), 245 deletions(-)	
"カワリミ人形" pushed new code on "Thu, 24 Dec 2020 15:11:56 +0900" with title: "Fix installation instructions in README.md (#2449)" and stats:	 10 files changed, 10 insertions(+), 10 deletions(-)	
"Felix Häusler" pushed new code on "Wed, 23 Dec 2020 23:24:27 +0100" with title: "Add support for relative image directory (#2439)" and stats:	 8 files changed, 149 insertions(+), 27 deletions(-)	
"Felix Häusler" pushed new code on "Wed, 23 Dec 2020 23:23:20 +0100" with title: "Add TOC generator to document exporter (#2391)" and stats:	 13 files changed, 359 insertions(+), 9 deletions(-)	
"Felix Häusler" pushed new code on "Wed, 23 Dec 2020 14:20:50 +0100" with title: "Improve undo history (#2437)" and stats:	 2 files changed, 33 insertions(+), 7 deletions(-)	
"MingZZX" pushed new code on "Wed, 23 Dec 2020 16:27:18 +0800" with title: "Update Simplified Chinese translation of README (#2445)" and stats:	 1 file changed, 78 insertions(+), 40 deletions(-)	
"Felix Häusler" pushed new code on "Fri, 18 Dec 2020 23:25:23 +0100" with title: "Disble MathML due to DOMPurify security issues (#2436)" and stats:	 1 file changed, 5 insertions(+), 3 deletions(-)	
"Felix Häusler" pushed new code on "Fri, 18 Dec 2020 11:25:59 +0100" with title: "Upgrade to N-API and Electron 11 (#2422)" and stats:	 18 files changed, 1966 insertions(+), 4711 deletions(-)	
"Felix Häusler" pushed new code on "Thu, 17 Dec 2020 23:19:46 +0100" with title: "Fix symbolic links and related path issues (#2416)" and stats:	 12 files changed, 91 insertions(+), 42 deletions(-)	
"Felix Häusler" pushed new code on "Thu, 17 Dec 2020 23:19:22 +0100" with title: "Add option to disable HTML rendering (#2414)" and stats:	 11 files changed, 56 insertions(+), 10 deletions(-)	
"Felix Häusler" pushed new code on "Thu, 17 Dec 2020 23:18:55 +0100" with title: "Rebase markedjs bug fixes (#2419)" and stats:	 13 files changed, 1751 insertions(+), 2448 deletions(-)	
"YeloMelon" pushed new code on "Wed, 16 Dec 2020 16:17:20 +0900" with title: "Updated korean translation of README.md (#2432)" and stats:	 1 file changed, 150 insertions(+), 92 deletions(-)	
"Felix Häusler" pushed new code on "Mon, 7 Dec 2020 04:02:18 +0100" with title: "Fix font selection autocomplete (#2420)" and stats:	 1 file changed, 3 insertions(+), 1 deletion(-)	
"Felix Häusler" pushed new code on "Mon, 30 Nov 2020 22:16:32 +0100" with title: "Allow to copy table cells text as plaintext (#2409)" and stats:	 1 file changed, 16 insertions(+), 9 deletions(-)	
"Felix Häusler" pushed new code on "Mon, 30 Nov 2020 22:16:10 +0100" with title: "Replace text when only one table cell is selected (#2413)" and stats:	 1 file changed, 35 insertions(+), 3 deletions(-)	
"Felix Häusler" pushed new code on "Mon, 30 Nov 2020 22:15:49 +0100" with title: "Make global menu fields mutable (#2407)" and stats:	 6 files changed, 62 insertions(+), 56 deletions(-)	
"zmen" pushed new code on "Tue, 1 Dec 2020 05:10:22 +0800" with title: "feat: add shortcut for toggle-toc (#1863) (#2326)" and stats:	 5 files changed, 21 insertions(+), 4 deletions(-)	
"Felix Häusler" pushed new code on "Mon, 30 Nov 2020 09:19:52 +0100" with title: "Fix footnote inline code font size (#2411)" and stats:	 1 file changed, 6 insertions(+)	
"Felix Häusler" pushed new code on "Mon, 30 Nov 2020 09:17:02 +0100" with title: "Allow BCP-47 language codes in spell checker (#2410)" and stats:	 3 files changed, 7 insertions(+), 5 deletions(-)	
"Felix Häusler" pushed new code on "Mon, 30 Nov 2020 09:14:36 +0100" with title: "Restrict export dialog file extensions (#2408)" and stats:	 1 file changed, 19 insertions(+), 1 deletion(-)	
"Felix Häusler" pushed new code on "Mon, 30 Nov 2020 09:08:48 +0100" with title: "Support negative zoom (#2412)" and stats:	 2 files changed, 21 insertions(+), 9 deletions(-)	
"He Linming" pushed new code on "Sun, 29 Nov 2020 23:33:38 +0800" with title: "fix: typewriter shake after press enter (#1852)" and stats:	 1 file changed, 7 insertions(+), 4 deletions(-)	
"Felix Häusler" pushed new code on "Sat, 28 Nov 2020 14:09:08 +0100" with title: "Update dependencies (minor only) (#2402)" and stats:	 9 files changed, 2785 insertions(+), 2045 deletions(-)	
"bmvisoky" pushed new code on "Fri, 27 Nov 2020 06:03:06 -0700" with title: "Fix graphite light wordcount (#2392)" and stats:	 1 file changed, 1 insertion(+), 1 deletion(-)	
"zmen" pushed new code on "Fri, 27 Nov 2020 21:02:22 +0800" with title: "fix: prism language missing while load dependent language (#1752) (#2335)" and stats:	 1 file changed, 8 insertions(+), 1 deletion(-)	
"evan-cohen" pushed new code on "Fri, 27 Nov 2020 08:00:43 -0500" with title: "fix: #2330 enable shift+tab for table navigation (#2331)" and stats:	 1 file changed, 28 insertions(+), 2 deletions(-)	
"Dan Munckton" pushed new code on "Fri, 27 Nov 2020 12:59:56 +0000" with title: "Fix quick open bug and freeze constants to avoid accidental mutation (#2323)" and stats:	 14 files changed, 126 insertions(+), 126 deletions(-)	
"Anton Freeman" pushed new code on "Fri, 27 Nov 2020 05:56:59 -0700" with title: "fixed issue#2383 (#2397)" and stats:	 1 file changed, 3 deletions(-)	
"Amauri Bizerra" pushed new code on "Fri, 27 Nov 2020 07:55:58 -0500" with title: "Fix issue with not being able to copy table cell (#2375)" and stats:	 1 file changed, 1 insertion(+)	
"erentar" pushed new code on "Fri, 27 Nov 2020 13:53:15 +0100" with title: "fix image paths on readme tr.md (#2374)" and stats:	 1 file changed, 17 insertions(+), 17 deletions(-)	
"Vincent Emonet" pushed new code on "Wed, 25 Nov 2020 21:38:01 +0100" with title: "Add codeblock highlight and coloration for the SPARQL and Turtle languages (#2365)" and stats:	 1 file changed, 9 insertions(+)	
"Max Lantas" pushed new code on "Wed, 25 Nov 2020 12:34:25 -0800" with title: "pass file.id to closeTab on middle click (#2272)" and stats:	 1 file changed, 1 insertion(+), 1 deletion(-)	
"erentar" pushed new code on "Thu, 29 Oct 2020 11:32:42 +0100" with title: "updated turkish translation of readme.md (#2366)" and stats:	 1 file changed, 151 insertions(+), 74 deletions(-)	
"Nick Ali" pushed new code on "Fri, 23 Oct 2020 02:24:49 -0400" with title: "Update FAQ.md - link to Portable (#2337)" and stats:	 1 file changed, 1 insertion(+), 1 deletion(-)	
"Sweet Liquid" pushed new code on "Fri, 23 Oct 2020 14:21:15 +0800" with title: "Update regex of auto link to fix trailing slashes (#2354)" and stats:	 1 file changed, 1 insertion(+), 1 deletion(-)	
"Enderson Menezes" pushed new code on "Fri, 23 Oct 2020 03:10:12 -0300" with title: "Update pt.md (#2350)" and stats:	 1 file changed, 70 insertions(+), 50 deletions(-)	
"小新" pushed new code on "Thu, 6 Aug 2020 10:26:28 +0800" with title: "Fix markdown syntax document mistake for table content align (#2282) (#2296)" and stats:	 1 file changed, 4 insertions(+), 4 deletions(-)	
"Sbelletier" pushed new code on "Thu, 23 Jul 2020 12:38:35 +0200" with title: "Update FAQ.md (#2290)" and stats:	 1 file changed, 4 insertions(+)	
"nyanpasu64" pushed new code on "Tue, 14 Jul 2020 02:10:59 -0700" with title: "Replace PRC emoji for zh_TW translation with Taiwan flag (#2278)" and stats:	 1 file changed, 1 insertion(+), 1 deletion(-)	
"Felix Häusler" pushed new code on "Thu, 18 Jun 2020 21:57:23 +0200" with title: "Release v0.16.2 (#2200)" and stats:	 15 files changed, 726 insertions(+), 948 deletions(-)	
"brainchild0" pushed new code on "Thu, 18 Jun 2020 06:58:59 -0400" with title: "Conform user-interface text to conventions for trailing punctuation (#2209)" and stats:	 12 files changed, 72 insertions(+), 72 deletions(-)	
"Felix Häusler" pushed new code on "Thu, 18 Jun 2020 11:37:15 +0200" with title: "Fix inline html renderer (#2224)" and stats:	 3 files changed, 84 insertions(+), 51 deletions(-)	
"Felix Häusler" pushed new code on "Wed, 17 Jun 2020 21:57:00 +0200" with title: "Update bug issue template (#2215)" and stats:	 1 file changed, 7 insertions(+), 6 deletions(-)	
"Rasmus Eneman" pushed new code on "Thu, 11 Jun 2020 01:12:22 +0200" with title: "Support setting text direction via comand palette (#2194) (#2195)" and stats:	 1 file changed, 17 insertions(+)	
"Felix Häusler" pushed new code on "Mon, 8 Jun 2020 14:03:30 +0200" with title: "Update dependencies (#2199)" and stats:	 4 files changed, 113 insertions(+), 125 deletions(-)	
"Felix Häusler" pushed new code on "Mon, 8 Jun 2020 14:03:17 +0200" with title: "Fix double used shortcut (#2198)" and stats:	 3 files changed, 10 insertions(+), 4 deletions(-)	
"Felix Häusler" pushed new code on "Mon, 8 Jun 2020 14:03:03 +0200" with title: "Fix unnecessary character sanitation on clipboard output (#2197)" and stats:	 1 file changed, 2 insertions(+), 2 deletions(-)	
"brainchild0" pushed new code on "Sun, 7 Jun 2020 06:57:29 -0400" with title: "Improve English grammar in user-interface text. (#2075)" and stats:	 17 files changed, 80 insertions(+), 80 deletions(-)	
"Royce" pushed new code on "Sun, 7 Jun 2020 16:16:30 +0800" with title: ":pencil: update zh_cn.md (#2192)" and stats:	 1 file changed, 6 insertions(+)	
"Felix Häusler" pushed new code on "Sun, 7 Jun 2020 05:01:45 +0200" with title: "Fix bad font when exporting document on macOS (#2190)" and stats:	 1 file changed, 1 insertion(+)	
"He Linming" pushed new code on "Sun, 7 Jun 2020 07:10:12 +0800" with title: "feat: switch tabs using alt-#num (#1975)" and stats:	 5 files changed, 154 insertions(+), 7 deletions(-)	
"Ran Luo" pushed new code on "Sun, 7 Jun 2020 06:48:49 +0800" with title: "update: yarn.lock file (#2178)" and stats:	 1 file changed, 1927 insertions(+), 2324 deletions(-)	
"Felix Häusler" pushed new code on "Thu, 4 Jun 2020 01:31:21 +0200" with title: "Add GitLab math block support (#2119)" and stats:	 18 files changed, 146 insertions(+), 27 deletions(-)	
"Felix Häusler" pushed new code on "Sun, 31 May 2020 23:20:56 +0200" with title: "Fix footnote renderer exception in markedjs (#2162)" and stats:	 3 files changed, 13 insertions(+), 1 deletion(-)	
"Felix Häusler" pushed new code on "Sun, 31 May 2020 23:18:18 +0200" with title: "Fix image export issues on Windows (#2129)" and stats:	 6 files changed, 71 insertions(+), 10 deletions(-)	
"BeatLink" pushed new code on "Sun, 31 May 2020 14:17:16 -0700" with title: "Increase indentation for sidebar treeview (#2161)" and stats:	 3 files changed, 3 insertions(+), 3 deletions(-)	
"Felix Häusler" pushed new code on "Sun, 31 May 2020 09:20:32 +0200" with title: "Disable and hide unnecessary settings options (#2138)" and stats:	 3 files changed, 74 insertions(+), 35 deletions(-)	
"Felix Häusler" pushed new code on "Sun, 31 May 2020 09:17:47 +0200" with title: "Fix Hunspell spell checker initialization on Windows (#2137)" and stats:	 1 file changed, 9 insertions(+), 9 deletions(-)	
"Felix Häusler" pushed new code on "Sun, 31 May 2020 09:16:32 +0200" with title: "Reduce dependency bundle size (#2136)" and stats:	 1 file changed, 8 insertions(+), 8 deletions(-)	
"Felix Häusler" pushed new code on "Sun, 31 May 2020 09:14:33 +0200" with title: "Improve heading font size scaling (#2135)" and stats:	 1 file changed, 12 insertions(+), 12 deletions(-)	
"Felix Häusler" pushed new code on "Sun, 31 May 2020 09:12:26 +0200" with title: "Add missing encoding entry (#2132)" and stats:	 1 file changed, 1 insertion(+)	
"Felix Häusler" pushed new code on "Sun, 31 May 2020 09:11:30 +0200" with title: "Fix Hunspell dictionary downloader on Windows (#2131)" and stats:	 1 file changed, 1 insertion(+), 1 deletion(-)	
"Felix Häusler" pushed new code on "Sun, 31 May 2020 09:10:24 +0200" with title: "Fix empty shortcuts in shortcut validator (#2130)" and stats:	 1 file changed, 1 insertion(+), 1 deletion(-)	
"Dan Dascalescu" pushed new code on "Sun, 31 May 2020 00:05:42 -0700" with title: "Add ability to paste images to Features (#2127)" and stats:	 1 file changed, 1 insertion(+)	
"Ran Luo" pushed new code on "Sun, 24 May 2020 23:35:14 +0800" with title: "Update sponsor (#2141)" and stats:	 1 file changed, 6 insertions(+)	
"Micael Dias" pushed new code on "Sat, 23 May 2020 20:41:41 +0100" with title: "Fix max width of editor tabs (#2097)" and stats:	 2 files changed, 6 insertions(+)	
"Felix Häusler" pushed new code on "Fri, 22 May 2020 04:20:32 +0200" with title: "Update dependencies (#2133)" and stats:	 3 files changed, 1444 insertions(+), 1139 deletions(-)	
"shaunmbg" pushed new code on "Thu, 21 May 2020 23:18:04 +1000" with title: "Include Chocolatey package installation option (#2107)" and stats:	 1 file changed, 6 insertions(+)	
"saymoon" pushed new code on "Sat, 16 May 2020 21:03:39 +0800" with title: "Fix typo (#2118)" and stats:	 1 file changed, 1 insertion(+), 1 deletion(-)	
"Ran Luo" pushed new code on "Sat, 28 Mar 2020 09:34:28 +0800" with title: "Release v0.16.1 (#2011)" and stats:	 13 files changed, 26 insertions(+), 21 deletions(-)	
"jocs" pushed new code on "Fri, 27 Mar 2020 21:58:25 +0800" with title: "fix: style error in editor setting" and stats:	 1 file changed, 1 insertion(+), 1 deletion(-)	
"Ran Luo" pushed new code on "Fri, 27 Mar 2020 14:50:21 +0800" with title: "update readme (#2008) (#2009)" and stats:	 12 files changed, 1304 insertions(+), 969 deletions(-)	
"Ran Luo" pushed new code on "Fri, 27 Mar 2020 14:15:47 +0800" with title: "update readme (#2008)" and stats:	 12 files changed, 1304 insertions(+), 969 deletions(-)	
"Ran Luo" pushed new code on "Fri, 27 Mar 2020 11:46:16 +0800" with title: "Release v0.16.0 (#2004)" and stats:	 13 files changed, 24 insertions(+), 23 deletions(-)	
"Ran Luo" pushed new code on "Wed, 25 Mar 2020 10:54:53 +0800" with title: "fix context menu on macos (#1993)" and stats:	 6 files changed, 10 insertions(+), 18 deletions(-)	
"rsapkf" pushed new code on "Tue, 24 Mar 2020 16:32:19 +0000" with title: "Fix Desktop File link in curl command. (#1994)" and stats:	 1 file changed, 1 insertion(+), 1 deletion(-)	
"Felix Häusler" pushed new code on "Sun, 22 Mar 2020 08:52:37 +0100" with title: "Fix inline math selection (#1959)" and stats:	 1 file changed, 1 insertion(+)	
"ishibaki" pushed new code on "Sat, 21 Mar 2020 11:02:40 +0900" with title: "Update Japanese Readme (#1968)" and stats:	 1 file changed, 118 insertions(+), 70 deletions(-)	
"Felix Häusler" pushed new code on "Sat, 21 Mar 2020 03:01:02 +0100" with title: "Fix image alignment in exported document (#1958)" and stats:	 3 files changed, 11 insertions(+), 1 deletion(-)	
"Felix Häusler" pushed new code on "Sat, 21 Mar 2020 02:02:01 +0100" with title: "Fix Axios http adapter and update deps (#1989)" and stats:	 5 files changed, 1057 insertions(+), 806 deletions(-)	
"Sebastiaan Lokhorst" pushed new code on "Tue, 17 Mar 2020 19:07:03 +0100" with title: "Update BUILD: node-gyp supports python 3 (#1978)" and stats:	 1 file changed, 1 insertion(+), 1 deletion(-)	
"Ed Luff" pushed new code on "Tue, 17 Mar 2020 18:02:33 +0000" with title: "fix: grammar (#1970)" and stats:	 6 files changed, 40 insertions(+), 40 deletions(-)	
"Ran Luo" pushed new code on "Mon, 2 Mar 2020 12:56:09 +0800" with title: "fix regexp in schema file (#1923)" and stats:	 1 file changed, 2 insertions(+), 2 deletions(-)	
"kosssi" pushed new code on "Mon, 2 Mar 2020 05:54:48 +0100" with title: "fix #1927 : update roadmap link (#1937)" and stats:	 1 file changed, 1 insertion(+), 1 deletion(-)	
"ZHENG Piao-Dan" pushed new code on "Sun, 23 Feb 2020 22:44:02 +0800" with title: "Update installation doc for linux (#1921)" and stats:	 1 file changed, 17 insertions(+), 3 deletions(-)	
"Ran Luo" pushed new code on "Sun, 16 Feb 2020 20:23:16 +0800" with title: "release version 0.16.0-rc.3 (#1913)" and stats:	 1 file changed, 1 insertion(+), 1 deletion(-)	
"Ran Luo" pushed new code on "Sun, 16 Feb 2020 18:36:16 +0800" with title: "fix: Editor jumps to last cursor if you toggle a task-list item (#1911)" and stats:	 2 files changed, 59 insertions(+)	
"Ran Luo" pushed new code on "Sun, 16 Feb 2020 17:41:21 +0800" with title: "Update: electron and other dependences (#1910)" and stats:	 2 files changed, 47 insertions(+), 102 deletions(-)	
"Ran Luo" pushed new code on "Tue, 11 Feb 2020 21:56:36 +0800" with title: "fix: export invalid math (#1902)" and stats:	 3 files changed, 18 insertions(+), 7 deletions(-)	
"Ran Luo" pushed new code on "Tue, 11 Feb 2020 21:56:12 +0800" with title: "fix: can not select Chinese font family name. (#1901)" and stats:	 1 file changed, 7 insertions(+), 4 deletions(-)	
"Ran Luo" pushed new code on "Tue, 11 Feb 2020 21:55:15 +0800" with title: "fix: Cannot destructure property row of i as it is null. (#1900)" and stats:	 1 file changed, 2 insertions(+)	
"Ran Luo" pushed new code on "Tue, 11 Feb 2020 21:54:44 +0800" with title: "fix: Issue with paragraph starting with three or more * (#1899)" and stats:	 1 file changed, 1 insertion(+), 1 deletion(-)	
"Ran Luo" pushed new code on "Tue, 11 Feb 2020 21:54:14 +0800" with title: "fix: Math formula preview is not updated (#1898)" and stats:	 1 file changed, 2 insertions(+), 2 deletions(-)	
"He Linming" pushed new code on "Tue, 11 Feb 2020 21:46:24 +0800" with title: "A task checked should update related task (#1737)" and stats:	 11 files changed, 94 insertions(+), 12 deletions(-)	
"Davis Riedel" pushed new code on "Sat, 8 Feb 2020 10:26:37 +0100" with title: "Fix #1879 Add .md extension to files created in sidebar if no extension is given (#1886)" and stats:	 4 files changed, 14 insertions(+), 5 deletions(-)	
"Ran Luo" pushed new code on "Sat, 8 Feb 2020 16:54:54 +0800" with title: "update: electron, mermaid, vega-lite etc (#1893)" and stats:	 2 files changed, 1445 insertions(+), 1262 deletions(-)	
"Griiid" pushed new code on "Sat, 8 Feb 2020 16:53:47 +0800" with title: "Fix wrong flag emoji of zh_tw in README.md (#1896)" and stats:	 1 file changed, 1 insertion(+), 1 deletion(-)	
"Caleb Maclennan" pushed new code on "Thu, 6 Feb 2020 16:29:52 +0300" with title: "Rename 'BC changes' to something intelligable (#1895)" and stats:	 1 file changed, 9 insertions(+), 9 deletions(-)	
"He Linming" pushed new code on "Thu, 6 Feb 2020 20:33:16 +0800" with title: "fix bold or italic hyperlinks can't be opened through Cmd+Click (#1810)" and stats:	 1 file changed, 22 insertions(+), 9 deletions(-)	
"Caleb Maclennan" pushed new code on "Thu, 6 Feb 2020 15:25:30 +0300" with title: "Ignore dist files in repository, update PRtemplate (#1894)" and stats:	 2 files changed, 5 insertions(+), 7 deletions(-)	
"DanEble" pushed new code on "Thu, 6 Feb 2020 07:19:39 -0500" with title: "Forbid line-wrap in code blocks (#1051) (#1753)" and stats:	 1 file changed, 17 insertions(+)	
"Ran Luo" pushed new code on "Fri, 31 Jan 2020 04:58:03 +0800" with title: "update: dependences (#1850)" and stats:	 4 files changed, 699 insertions(+), 930 deletions(-)	
"Julian Hofer" pushed new code on "Sat, 25 Jan 2020 00:47:22 +0100" with title: "Remove sudo in flatpak installation instructions (#1836)" and stats:	 1 file changed, 4 insertions(+), 4 deletions(-)	
"Felix Häusler" pushed new code on "Tue, 31 Dec 2019 16:00:04 +0100" with title: "Refactor IPC selection messages (#1833)" and stats:	 5 files changed, 187 insertions(+), 55 deletions(-)	
"He Linming" pushed new code on "Fri, 27 Dec 2019 22:08:03 +0800" with title: "feat: word wrap in TOC (#1811)" and stats:	 6 files changed, 33 insertions(+), 10 deletions(-)	
"Alexander Misel" pushed new code on "Thu, 26 Dec 2019 16:02:28 +0800" with title: "Variables shouldn't use same color as strings (#1769)" and stats:	 1 file changed, 4 insertions(+), 4 deletions(-)	
"Felix Häusler" pushed new code on "Sun, 22 Dec 2019 05:52:34 +0100" with title: "fix: 1733 wrong task list indentation in parser (#1835)" and stats:	 1 file changed, 7 insertions(+), 5 deletions(-)	
"Felix Häusler" pushed new code on "Tue, 17 Dec 2019 03:50:10 +0100" with title: "Update documentation (#1819)" and stats:	 3 files changed, 20 insertions(+), 1 deletion(-)	
"Ran Luo" pushed new code on "Sat, 14 Dec 2019 19:08:21 +0800" with title: "Update: link to readme translation of zh_tw (#1818)" and stats:	 1 file changed, 3 insertions(+)	
"water_lift" pushed new code on "Wed, 11 Dec 2019 23:58:48 +0800" with title: "fix: spelling error (#1809)" and stats:	 2 files changed, 3 insertions(+), 3 deletions(-)	
"Ran Luo" pushed new code on "Sun, 8 Dec 2019 23:48:24 +0800" with title: "Update shortcut of table (#1800)" and stats:	 1 file changed, 3 insertions(+), 2 deletions(-)	
"Ran Luo" pushed new code on "Sat, 7 Dec 2019 23:01:05 +0800" with title: "fix: unsplash not shown on production enviromment and about logo did not shown (#1799)" and stats:	 2 files changed, 6 insertions(+), 1 deletion(-)	
"Ran Luo" pushed new code on "Fri, 6 Dec 2019 11:19:06 +0800" with title: "update electron to 7.1.3 (#1798)" and stats:	 2 files changed, 246 insertions(+), 125 deletions(-)	
"Ran Luo" pushed new code on "Thu, 5 Dec 2019 10:34:16 +0800" with title: "Performance optimization of code block (#1783)" and stats:	 1 file changed, 37 insertions(+), 9 deletions(-)	
"Ran Luo" pushed new code on "Thu, 5 Dec 2019 10:33:50 +0800" with title: "fix: dompurify warning when init app (#1781)" and stats:	 4 files changed, 6 insertions(+), 9 deletions(-)	
"Ran Luo" pushed new code on "Tue, 3 Dec 2019 17:18:13 +0800" with title: "Update dependences to latest version (#1782)" and stats:	 2 files changed, 76 insertions(+), 173 deletions(-)	
"Simon Holmberg" pushed new code on "Mon, 2 Dec 2019 03:59:17 +0100" with title: "Add setting for sequence diagram theme (#1628) (#1708)" and stats:	 8 files changed, 42 insertions(+), 3 deletions(-)	
"Felix Häusler" pushed new code on "Sun, 1 Dec 2019 17:51:27 +0100" with title: "Forbid math overlay selection (#1768)" and stats:	 1 file changed, 2 insertions(+), 1 deletion(-)	
"DanEble" pushed new code on "Wed, 27 Nov 2019 14:09:32 -0500" with title: "fix find next/previous (#1679) (#1745)" and stats:	 4 files changed, 24 insertions(+), 24 deletions(-)	
"Ran Luo" pushed new code on "Wed, 27 Nov 2019 00:50:52 +0800" with title: "fix format tool can not work in table cell (#1760)" and stats:	 1 file changed, 2 insertions(+), 1 deletion(-)	
"Ran Luo" pushed new code on "Wed, 27 Nov 2019 00:50:23 +0800" with title: "fix export emoji in header (#1759)" and stats:	 1 file changed, 4 insertions(+)	
"Ran Luo" pushed new code on "Wed, 27 Nov 2019 00:31:13 +0800" with title: "fix #1678, copy task list should acording to the origin checked status (#1756)" and stats:	 1 file changed, 4 insertions(+), 1 deletion(-)	
"Ran Luo" pushed new code on "Mon, 25 Nov 2019 16:10:40 +0800" with title: "Update all dependences to latest version (#1758)" and stats:	 2 files changed, 668 insertions(+), 521 deletions(-)	
"Ed Luff" pushed new code on "Mon, 25 Nov 2019 03:51:02 +0000" with title: "pr template changes (#1757)" and stats:	 1 file changed, 2 insertions(+), 2 deletions(-)	
"DanEble" pushed new code on "Sun, 24 Nov 2019 10:32:59 -0500" with title: "do not strike through completed tasks (#1680) (#1744)" and stats:	 1 file changed, 5 deletions(-)	
"Ran Luo" pushed new code on "Sat, 23 Nov 2019 14:40:21 +0800" with title: "release v0.16.0-rc.2 (#1747)" and stats:	 1 file changed, 1 insertion(+), 1 deletion(-)	
"Ran Luo" pushed new code on "Fri, 22 Nov 2019 19:01:51 +0800" with title: "Fix mermaid diagram is not visiable when export html (#1732)" and stats:	 1 file changed, 5 insertions(+), 1 deletion(-)	
"Ran Luo" pushed new code on "Fri, 22 Nov 2019 19:00:49 +0800" with title: "fix: #1668 unexpect encode image url on windows (#1740)" and stats:	 3 files changed, 13 insertions(+), 11 deletions(-)	
"Ran Luo" pushed new code on "Fri, 22 Nov 2019 19:00:15 +0800" with title: "fix: empty blockquote issue (#1739)" and stats:	 1 file changed, 24 insertions(+)	
"Ran Luo" pushed new code on "Fri, 22 Nov 2019 18:57:39 +0800" with title: "fix some copy paste list bugs (#1734)" and stats:	 2 files changed, 50 insertions(+), 1 deletion(-)	
"Ran Luo" pushed new code on "Fri, 22 Nov 2019 18:56:51 +0800" with title: "fix #1666 (#1730)" and stats:	 3 files changed, 15 insertions(+), 7 deletions(-)	
"He Linming" pushed new code on "Wed, 20 Nov 2019 22:26:24 +0800" with title: "Fix jumpClick can't jump to another file (#1725)" and stats:	 1 file changed, 2 insertions(+), 4 deletions(-)	
"Ran Luo" pushed new code on "Wed, 20 Nov 2019 14:39:01 +0800" with title: "Update dependences (#1720)" and stats:	 2 files changed, 543 insertions(+), 499 deletions(-)	
"Felix Häusler" pushed new code on "Wed, 20 Nov 2019 07:38:35 +0100" with title: "Add deb/rpm and adjust package file names (#1718)" and stats:	 3 files changed, 43 insertions(+), 10 deletions(-)	
"Mark Jaquith" pushed new code on "Wed, 20 Nov 2019 01:18:35 -0500" with title: "Better phrasing of the GDPR warning (#1727)" and stats:	 1 file changed, 1 insertion(+), 1 deletion(-)	
"He Linming" pushed new code on "Fri, 15 Nov 2019 00:05:48 +0800" with title: "Fix settings button does not work (#1706) (#1710)" and stats:	 1 file changed, 1 insertion(+), 1 deletion(-)	
"Ziqiang Li" pushed new code on "Fri, 15 Nov 2019 00:00:53 +0800" with title: "Fixe: https://github.com/marktext/marktext/issues/1696 (#1697)" and stats:	 1 file changed, 1 insertion(+), 1 deletion(-)	
"sclaire-1" pushed new code on "Wed, 13 Nov 2019 20:58:38 -0800" with title: "Edit README.md (#1702)" and stats:	 1 file changed, 4 insertions(+), 2 deletions(-)	
"Felix Häusler" pushed new code on "Wed, 13 Nov 2019 02:47:04 +0100" with title: "Revert #1616 One-Dark color changes (#1694)" and stats:	 1 file changed, 1 insertion(+), 1 deletion(-)	
"Felix Häusler" pushed new code on "Wed, 13 Nov 2019 02:46:24 +0100" with title: "Update documentation (#1693)" and stats:	 1 file changed, 1 insertion(+), 1 deletion(-)	
"Felix Häusler" pushed new code on "Mon, 11 Nov 2019 17:37:22 +0100" with title: "Fix extractWord issue and optimization (#1674)" and stats:	 2 files changed, 127 insertions(+), 7 deletions(-)	
"Felix Häusler" pushed new code on "Mon, 11 Nov 2019 17:37:00 +0100" with title: "Ensure Hunspell dictionary before downloading (#1675)" and stats:	 1 file changed, 7 insertions(+), 3 deletions(-)	
"Willy Hong" pushed new code on "Sat, 9 Nov 2019 22:30:07 +0800" with title: "Add Translation Traditional Chinese (#1663)" and stats:	 1 file changed, 248 insertions(+)	
"BradyBromley" pushed new code on "Fri, 8 Nov 2019 18:26:08 -0800" with title: "Changed wording for clarity in README.md (#1659)" and stats:	 1 file changed, 1 insertion(+), 1 deletion(-)	
"Felix Häusler" pushed new code on "Fri, 8 Nov 2019 18:42:42 +0100" with title: "Bump version to v0.16.0-rc1 (#1645)" and stats:	 3 files changed, 906 insertions(+), 511 deletions(-)	
"Felix Häusler" pushed new code on "Fri, 8 Nov 2019 18:40:29 +0100" with title: "Temporary disable numbered code block lines due to #1648 (#1658)" and stats:	 7 files changed, 48 insertions(+), 31 deletions(-)	
"Felix Häusler" pushed new code on "Fri, 8 Nov 2019 16:31:50 +0100" with title: "Update spelling in readme (#1656)" and stats:	 1 file changed, 1 insertion(+), 1 deletion(-)	
"Tomer Cohen" pushed new code on "Fri, 8 Nov 2019 15:47:44 +0200" with title: "Documentation: Replace 'Is' with 'If' in 'If a version for your system unavailable' (#1655)" and stats:	 1 file changed, 1 insertion(+), 1 deletion(-)	
"Patrick Weingaertner" pushed new code on "Thu, 7 Nov 2019 14:16:49 +0100" with title: "apply option key symbol conditionally. change command key symbol from ^ to ctrl. adjust css" and stats:	 3 files changed, 23 insertions(+), 22 deletions(-)	
"Felix Häusler" pushed new code on "Thu, 7 Nov 2019 16:55:23 +0100" with title: "Add Windows spell checker and fixes (#1624)" and stats:	 18 files changed, 183 insertions(+), 88 deletions(-)	
"Felix Häusler" pushed new code on "Wed, 6 Nov 2019 20:50:08 +0100" with title: "Fix wrong condition" and stats:	 1 file changed, 5 insertions(+), 5 deletions(-)	
"Felix Häusler" pushed new code on "Wed, 6 Nov 2019 20:33:40 +0100" with title: "Fix allowed paragraph transformations" and stats:	 1 file changed, 11 insertions(+), 6 deletions(-)	
"Felix Häusler" pushed new code on "Thu, 7 Nov 2019 15:36:09 +0100" with title: "Fix Hunspell dict installation (#1642)" and stats:	 1 file changed, 1 insertion(+), 1 deletion(-)	
"Felix Häusler" pushed new code on "Wed, 6 Nov 2019 18:53:22 +0100" with title: "Fix outdated export command (#1627)" and stats:	 1 file changed, 15 insertions(+), 7 deletions(-)	
"Felix Häusler" pushed new code on "Wed, 6 Nov 2019 18:53:03 +0100" with title: "Misc style changes and marked (#1626)" and stats:	 5 files changed, 16 insertions(+), 4 deletions(-)	
"Felix Häusler" pushed new code on "Wed, 6 Nov 2019 18:52:47 +0100" with title: "Support final newline options (#1595)" and stats:	 17 files changed, 300 insertions(+), 60 deletions(-)	
"jocs" pushed new code on "Wed, 6 Nov 2019 23:42:05 +0800" with title: "Change title color" and stats:	 1 file changed, 6 insertions(+), 3 deletions(-)	
"jocs" pushed new code on "Wed, 6 Nov 2019 23:31:21 +0800" with title: "Use non-capture group" and stats:	 1 file changed, 1 insertion(+), 1 deletion(-)	
"Ran Luo" pushed new code on "Wed, 6 Nov 2019 23:00:22 +0800" with title: "fix #1574 (#1593)" and stats:	 1 file changed, 13 insertions(+), 13 deletions(-)	
"Felix Häusler" pushed new code on "Wed, 6 Nov 2019 15:55:36 +0100" with title: "Fix include hidden condition" and stats:	 2 files changed, 2 insertions(+), 2 deletions(-)	
"jocs" pushed new code on "Wed, 6 Nov 2019 22:35:49 +0800" with title: "Change develop to master doc" and stats:	 1 file changed, 2 insertions(+), 2 deletions(-)	
"jocs" pushed new code on "Wed, 6 Nov 2019 22:18:35 +0800" with title: "Update help menu" and stats:	 1 file changed, 31 insertions(+), 14 deletions(-)	
"Ran Luo" pushed new code on "Wed, 6 Nov 2019 22:08:51 +0800" with title: "Update Electron to v7.1.0, and it works well on macOS Catalina system, 7.0.1 can not work. (#1614)" and stats:	 2 files changed, 373 insertions(+), 362 deletions(-)	
"jocs" pushed new code on "Wed, 6 Nov 2019 21:45:49 +0800" with title: "style optimization of aidou" and stats:	 2 files changed, 59 insertions(+), 51 deletions(-)	
"罗冉" pushed new code on "Wed, 6 Nov 2019 15:49:12 +0800" with title: "Optimization of render performance" and stats:	 3 files changed, 43 insertions(+), 36 deletions(-)	
"罗冉" pushed new code on "Wed, 6 Nov 2019 13:59:25 +0800" with title: "modify highlight style" and stats:	 1 file changed, 8 insertions(+), 5 deletions(-)	
"罗冉" pushed new code on "Wed, 6 Nov 2019 13:45:30 +0800" with title: "style optimization" and stats:	 3 files changed, 8 insertions(+), 5 deletions(-)	
"罗冉" pushed new code on "Wed, 6 Nov 2019 13:14:25 +0800" with title: "Optimization search in folder" and stats:	 5 files changed, 35 insertions(+), 20 deletions(-)	
"jocs" pushed new code on "Wed, 6 Nov 2019 09:35:00 +0800" with title: "Opti: the style in number input" and stats:	 2 files changed, 26 insertions(+), 3 deletions(-)	
"jocs" pushed new code on "Wed, 6 Nov 2019 08:56:24 +0800" with title: "Update Electron to v7.1.0, and it works well on macOS Catalina system, 7.0.1 can not work." and stats:	 2 files changed, 373 insertions(+), 362 deletions(-)	
"罗冉" pushed new code on "Tue, 5 Nov 2019 15:31:46 +0800" with title: "fix: #1602 the current window is shown as undefined" and stats:	 1 file changed, 8 insertions(+), 2 deletions(-)	
"罗冉" pushed new code on "Tue, 5 Nov 2019 15:08:35 +0800" with title: "Match keyword not only from the beginning #1607" and stats:	 2 files changed, 5 insertions(+), 2 deletions(-)	
"罗冉" pushed new code on "Tue, 5 Nov 2019 13:36:39 +0800" with title: "modify the event prefix between main and renderer process" and stats:	 23 files changed, 77 insertions(+), 71 deletions(-)	
"罗冉" pushed new code on "Tue, 5 Nov 2019 13:08:14 +0800" with title: "Unselect all images and table cells when dialog is shown" and stats:	 1 file changed, 2 insertions(+)	
"Felix Häusler" pushed new code on "Mon, 4 Nov 2019 19:50:50 +0100" with title: "Add command palette and quick open dialog (#1493)" and stats:	 52 files changed, 2497 insertions(+), 365 deletions(-)	
"罗冉" pushed new code on "Mon, 4 Nov 2019 14:34:59 +0800" with title: "Update changelog" and stats:	 1 file changed, 55 insertions(+)	
"罗冉" pushed new code on "Mon, 4 Nov 2019 13:28:39 +0800" with title: "Update electron to v7.0.1 and resolve node-gyp to v6.0.1" and stats:	 2 files changed, 34 insertions(+), 36 deletions(-)	
"jocs" pushed new code on "Mon, 4 Nov 2019 00:52:55 +0800" with title: "Optimization of log.error mesg" and stats:	 1 file changed, 3 insertions(+), 3 deletions(-)	
"Ran Luo" pushed new code on "Mon, 4 Nov 2019 00:46:31 +0800" with title: "Fix: ui error in theme setting page (#1589)" and stats:	 1 file changed, 1 insertion(+), 1 deletion(-)	
"Felix Häusler" pushed new code on "Sun, 3 Nov 2019 17:36:57 +0100" with title: "Update changelog (#1596)" and stats:	 1 file changed, 20 insertions(+), 15 deletions(-)	
"Felix Häusler" pushed new code on "Sun, 3 Nov 2019 17:34:10 +0100" with title: "Require Node.js >=12" and stats:	 1 file changed, 7 insertions(+), 1 deletion(-)	
"Felix Häusler" pushed new code on "Sun, 3 Nov 2019 17:15:32 +0100" with title: "Adjust export theme style" and stats:	 8 files changed, 45 insertions(+), 7 deletions(-)	
"jocs" pushed new code on "Sun, 3 Nov 2019 17:50:25 +0800" with title: "update vega-lite" and stats:	 2 files changed, 46 insertions(+), 42 deletions(-)	
"jocs" pushed new code on "Sun, 3 Nov 2019 17:41:34 +0800" with title: "Fix: unexpected load all languages" and stats:	 1 file changed, 7 insertions(+), 2 deletions(-)	
"jocs" pushed new code on "Sun, 3 Nov 2019 13:50:40 +0800" with title: "use throttle util" and stats:	 1 file changed, 8 insertions(+), 14 deletions(-)	
"jocs" pushed new code on "Sun, 3 Nov 2019 13:44:23 +0800" with title: "update line number position" and stats:	 8 files changed, 110 insertions(+), 4 deletions(-)	
"jocs" pushed new code on "Sun, 3 Nov 2019 10:52:28 +0800" with title: "handle clean up" and stats:	 1 file changed, 8 insertions(+), 6 deletions(-)	
"jocs" pushed new code on "Wed, 30 Oct 2019 22:28:35 +0800" with title: "add error notice when there is something wrong with exporting" and stats:	 2 files changed, 59 insertions(+), 31 deletions(-)	
"jocs" pushed new code on "Sun, 3 Nov 2019 10:44:15 +0800" with title: "remove magic number" and stats:	 1 file changed, 3 insertions(+), 2 deletions(-)	
"jocs" pushed new code on "Sun, 3 Nov 2019 10:16:16 +0800" with title: "can not rebuild electron 7.0.1 due to some dependences" and stats:	 2 files changed, 713 insertions(+), 681 deletions(-)	
"Felix Häusler" pushed new code on "Sat, 2 Nov 2019 16:41:51 +0100" with title: "Upgrade to Electron 7 (#1543)" and stats:	 22 files changed, 180 insertions(+), 186 deletions(-)	
"Ran Luo" pushed new code on "Sat, 2 Nov 2019 22:55:43 +0800" with title: "fix #1579 (#1587)" and stats:	 1 file changed, 6 insertions(+), 1 deletion(-)	
"Ran Luo" pushed new code on "Sat, 2 Nov 2019 22:50:38 +0800" with title: "fix #1583 (#1585)" and stats:	 2 files changed, 15 insertions(+), 3 deletions(-)	
"Ran Luo" pushed new code on "Sat, 2 Nov 2019 22:28:44 +0800" with title: "fix: #1466 (#1562)" and stats:	 1 file changed, 1 insertion(+), 1 deletion(-)	
"Ran Luo" pushed new code on "Sat, 2 Nov 2019 22:20:21 +0800" with title: "fix #1547 (#1560)" and stats:	 1 file changed, 2 insertions(+), 2 deletions(-)	
"Ran Luo" pushed new code on "Sat, 2 Nov 2019 22:18:58 +0800" with title: "Fix 1551, and also fix no need heading rules in table cell (#1558)" and stats:	 2 files changed, 4 insertions(+), 3 deletions(-)	
"Felix Häusler" pushed new code on "Sat, 2 Nov 2019 15:01:28 +0100" with title: "Adjust style" and stats:	 3 files changed, 7 insertions(+), 21 deletions(-)	
"Felix Häusler" pushed new code on "Fri, 1 Nov 2019 17:32:15 +0100" with title: "Improve image picker UX" and stats:	 2 files changed, 58 insertions(+), 25 deletions(-)	
"jocs" pushed new code on "Sat, 2 Nov 2019 10:46:39 +0800" with title: "fix #1578" and stats:	 2 files changed, 3 insertions(+), 2 deletions(-)	
"Felix Häusler" pushed new code on "Sat, 2 Nov 2019 02:09:20 +0100" with title: "Fix no underline spell checker mode (#1584)" and stats:	 1 file changed, 4 insertions(+), 4 deletions(-)	
"Felix Häusler" pushed new code on "Fri, 1 Nov 2019 18:37:31 +0100" with title: "Improve spellchecker UX (#1575)" and stats:	 4 files changed, 29 insertions(+), 8 deletions(-)	
"罗冉" pushed new code on "Fri, 1 Nov 2019 18:59:05 +0800" with title: "Fix style bug" and stats:	 1 file changed, 4 insertions(+), 4 deletions(-)	
"罗冉" pushed new code on "Fri, 1 Nov 2019 18:43:41 +0800" with title: "Feat: add copy code block button" and stats:	 9 files changed, 103 insertions(+), 5 deletions(-)	
"罗冉" pushed new code on "Fri, 1 Nov 2019 17:24:18 +0800" with title: "feat: add code block line numbers" and stats:	 10 files changed, 104 insertions(+), 2 deletions(-)	
"罗冉" pushed new code on "Thu, 31 Oct 2019 16:41:09 +0800" with title: "fix #1569" and stats:	 1 file changed, 9 insertions(+), 1 deletion(-)	
"罗冉" pushed new code on "Thu, 31 Oct 2019 15:56:42 +0800" with title: "fix #1568" and stats:	 3 files changed, 19 insertions(+), 11 deletions(-)	
"罗冉" pushed new code on "Thu, 31 Oct 2019 15:16:02 +0800" with title: "remove github from funding.yml" and stats:	 1 file changed, 1 deletion(-)	
"jocs" pushed new code on "Wed, 30 Oct 2019 21:22:18 +0800" with title: "fix:# 628" and stats:	 1 file changed, 6 insertions(+)	
"罗冉" pushed new code on "Wed, 30 Oct 2019 16:58:11 +0800" with title: "update footnote icon and add highlight format icon button" and stats:	 7 files changed, 6 insertions(+)	
"罗冉" pushed new code on "Wed, 30 Oct 2019 12:56:03 +0800" with title: "modify some style of footnote" and stats:	 2 files changed, 4 insertions(+), 4 deletions(-)	
"罗冉" pushed new code on "Wed, 30 Oct 2019 12:42:39 +0800" with title: "Enter to create footnote" and stats:	 2 files changed, 26 insertions(+)	
"罗冉" pushed new code on "Wed, 30 Oct 2019 11:36:39 +0800" with title: "feat: fix [^longnote] is not auto numbered in exported document but in footnotes." and stats:	 7 files changed, 9 insertions(+), 8 deletions(-)	
"罗冉" pushed new code on "Tue, 29 Oct 2019 18:48:20 +0800" with title: "fix some bugs" and stats:	 2 files changed, 3 insertions(+), 3 deletions(-)	
"罗冉" pushed new code on "Tue, 29 Oct 2019 18:36:16 +0800" with title: "feat: add footnote setting option" and stats:	 9 files changed, 28 insertions(+), 3 deletions(-)	
"罗冉" pushed new code on "Tue, 29 Oct 2019 18:00:01 +0800" with title: "modify style" and stats:	 1 file changed, 1 insertion(+), 1 deletion(-)	
"罗冉" pushed new code on "Tue, 29 Oct 2019 17:53:29 +0800" with title: "add export style" and stats:	 3 files changed, 19 insertions(+), 2 deletions(-)	
"罗冉" pushed new code on "Tue, 29 Oct 2019 17:32:53 +0800" with title: "add export html" and stats:	 9 files changed, 144 insertions(+), 15 deletions(-)	
"罗冉" pushed new code on "Mon, 28 Oct 2019 15:00:33 +0800" with title: "export markdown" and stats:	 1 file changed, 25 insertions(+), 2 deletions(-)	
"罗冉" pushed new code on "Mon, 28 Oct 2019 11:59:51 +0800" with title: "handle backspace in footnote" and stats:	 3 files changed, 32 insertions(+), 5 deletions(-)	
"Felix Häusler" pushed new code on "Mon, 28 Oct 2019 00:53:30 +0100" with title: "Update documentation (#1548)" and stats:	 16 files changed, 105 insertions(+), 8 deletions(-)	
"Felix Häusler" pushed new code on "Mon, 28 Oct 2019 00:48:58 +0100" with title: "Hide render container from Muya (#1549)" and stats:	 1 file changed, 3 insertions(+), 1 deletion(-)	
"Felix Häusler" pushed new code on "Sun, 27 Oct 2019 17:28:34 +0100" with title: "WORKAROUND: Add for environment variable for pandoc" and stats:	 2 files changed, 19 insertions(+), 2 deletions(-)	
"罗冉" pushed new code on "Sun, 27 Oct 2019 23:52:23 +0800" with title: "Create footnote from identifier and backlink" and stats:	 12 files changed, 323 insertions(+), 14 deletions(-)	
"罗冉" pushed new code on "Sun, 27 Oct 2019 18:25:52 +0800" with title: "modify some style" and stats:	 1 file changed, 4 insertions(+), 9 deletions(-)	
"罗冉" pushed new code on "Sun, 27 Oct 2019 18:16:29 +0800" with title: "feat: add update to footnote" and stats:	 13 files changed, 112 insertions(+), 4 deletions(-)	
"罗冉" pushed new code on "Sun, 27 Oct 2019 16:18:04 +0800" with title: "feat: footnote identifer" and stats:	 6 files changed, 73 insertions(+), 21 deletions(-)	
"Ran Luo" pushed new code on "Sun, 27 Oct 2019 01:04:18 +0800" with title: "fix: #1540 (#1542)" and stats:	 9 files changed, 36 insertions(+), 24 deletions(-)	
"Ran Luo" pushed new code on "Sun, 27 Oct 2019 00:46:31 +0800" with title: "Fix 1521 (#1538)" and stats:	 2 files changed, 7 insertions(+), 1 deletion(-)	
"Ran Luo" pushed new code on "Sun, 27 Oct 2019 00:38:22 +0800" with title: "Feat: add highlight menu item (#1532)" and stats:	 6 files changed, 56 insertions(+), 16 deletions(-)	
"Ran Luo" pushed new code on "Sun, 27 Oct 2019 00:31:01 +0800" with title: "feat: add find in folder shortcut (#1539)" and stats:	 6 files changed, 43 insertions(+)	
"Ran Luo" pushed new code on "Sun, 27 Oct 2019 00:19:36 +0800" with title: "fix: #1522 (#1537)" and stats:	 1 file changed, 4 insertions(+)	
"Ran Luo" pushed new code on "Sun, 27 Oct 2019 00:17:54 +0800" with title: "Add tooltip to format tool bar (#1516)" and stats:	 12 files changed, 109 insertions(+), 72 deletions(-)	
"Ran Luo" pushed new code on "Sun, 27 Oct 2019 00:06:38 +0800" with title: "fix #1508 (#1536)" and stats:	 6 files changed, 47 insertions(+), 18 deletions(-)	
"Ran Luo" pushed new code on "Sat, 26 Oct 2019 23:17:58 +0800" with title: "fix #1489 (#1535)" and stats:	 2 files changed, 9 insertions(+), 7 deletions(-)	
"Ran Luo" pushed new code on "Sat, 26 Oct 2019 23:15:49 +0800" with title: "Feature: support markdown extension superscript and subscript (#1531)" and stats:	 34 files changed, 203 insertions(+), 45 deletions(-)	
"Felix Häusler" pushed new code on "Fri, 25 Oct 2019 03:03:33 +0200" with title: "Export with options (#1511)" and stats:	 21 files changed, 1203 insertions(+), 82 deletions(-)	
"Ran Luo" pushed new code on "Fri, 25 Oct 2019 03:07:05 +0800" with title: "Add muya API extractImages (#1507)" and stats:	 2 files changed, 61 insertions(+)	
"Zhang Wang" pushed new code on "Thu, 24 Oct 2019 11:40:56 +0800" with title: "fix grammar error (#1524)" and stats:	 1 file changed, 3 insertions(+), 3 deletions(-)	
"Ran Luo" pushed new code on "Thu, 24 Oct 2019 08:37:19 +0800" with title: "Fix can not fetch unsplash pictures (#1518)" and stats:	 2 files changed, 3 insertions(+), 5 deletions(-)	
"Ran Luo" pushed new code on "Thu, 24 Oct 2019 04:27:39 +0800" with title: "Update dependences (#1519)" and stats:	 2 files changed, 64 insertions(+), 51 deletions(-)	
"Ran Luo" pushed new code on "Wed, 23 Oct 2019 03:05:41 +0800" with title: "Fix: #1509 (#1510)" and stats:	 1 file changed, 3 insertions(+)	
"Ran Luo" pushed new code on "Wed, 23 Oct 2019 03:01:40 +0800" with title: "Fix: enter error in code block (#1506)" and stats:	 2 files changed, 4 insertions(+), 2 deletions(-)	
"Felix Häusler" pushed new code on "Tue, 22 Oct 2019 20:57:22 +0200" with title: "Add Windows jump list entries (#1503)" and stats:	 1 file changed, 17 insertions(+), 2 deletions(-)	
"Ran Luo" pushed new code on "Wed, 23 Oct 2019 02:56:52 +0800" with title: "Fix issue #1490 (#1498)" and stats:	 3 files changed, 6 insertions(+), 5 deletions(-)	
"Ran Luo" pushed new code on "Mon, 21 Oct 2019 10:42:05 +0800" with title: "Feat: add user preference whether hide the link popup (#1504)" and stats:	 8 files changed, 45 insertions(+), 19 deletions(-)	
"Felix Häusler" pushed new code on "Sun, 20 Oct 2019 10:18:40 +0200" with title: "Fix print page margin (#1488)" and stats:	 2 files changed, 7 insertions(+), 6 deletions(-)	
"Ran Luo" pushed new code on "Sun, 20 Oct 2019 11:56:11 +0800" with title: "Lazy load some big assets and optimize the bundle size (#1481)" and stats:	 13 files changed, 1711 insertions(+), 2890 deletions(-)	
"Ran Luo" pushed new code on "Sat, 19 Oct 2019 00:19:42 +0800" with title: "Update spell icon in preference window (#1497)" and stats:	 2 files changed, 3 insertions(+), 1 deletion(-)	
"Ran Luo" pushed new code on "Sat, 19 Oct 2019 00:19:03 +0800" with title: "Update deps (#1496)" and stats:	 2 files changed, 89 insertions(+), 85 deletions(-)	
"Felix Häusler" pushed new code on "Thu, 17 Oct 2019 09:54:09 +0200" with title: "Add experimental spellchecker (#1424)" and stats:	 46 files changed, 5516 insertions(+), 946 deletions(-)	
"Felix Häusler" pushed new code on "Wed, 16 Oct 2019 03:17:31 +0200" with title: "Fix lint error (#1492)" and stats:	 1 file changed, 1 insertion(+), 1 deletion(-)	
"Felix Häusler" pushed new code on "Tue, 15 Oct 2019 19:44:38 +0200" with title: "Fix recently directories (#1486)" and stats:	 2 files changed, 11 insertions(+), 10 deletions(-)	
"Felix Häusler" pushed new code on "Tue, 15 Oct 2019 19:44:29 +0200" with title: "Fix EOL menu state (#1487)" and stats:	 1 file changed, 1 insertion(+)	
"Ran Luo" pushed new code on "Tue, 15 Oct 2019 08:42:03 +0800" with title: "fix: #1460 and #982 (#1482)" and stats:	 5 files changed, 23 insertions(+), 9 deletions(-)	
"Ran Luo" pushed new code on "Sun, 13 Oct 2019 19:23:21 +0800" with title: "Update joplin-turndown-plugin-gfm to fix #1472 (#1478)" and stats:	 2 files changed, 43 insertions(+), 28 deletions(-)	
"Ran Luo" pushed new code on "Sun, 13 Oct 2019 19:23:00 +0800" with title: "Optimization of table block (#1456)" and stats:	 48 files changed, 1589 insertions(+), 513 deletions(-)	
"Ran Luo" pushed new code on "Sun, 13 Oct 2019 01:55:21 +0800" with title: "Can not focus the first empty line in code block (#1477)" and stats:	 2 files changed, 10 insertions(+), 4 deletions(-)	
"Ken P" pushed new code on "Sun, 13 Oct 2019 01:43:42 +0800" with title: "Feat: add menu for tabs (#1434)" and stats:	 5 files changed, 210 insertions(+), 2 deletions(-)	
"Felix Häusler" pushed new code on "Sat, 12 Oct 2019 01:47:40 +0200" with title: "Fix Windows screen area (#1474)" and stats:	 1 file changed, 4 insertions(+), 4 deletions(-)	
"Felix Häusler" pushed new code on "Sat, 12 Oct 2019 01:45:56 +0200" with title: "Fix build issue on Windows with optional dependency (#1475)" and stats:	 2 files changed, 5 insertions(+), 7 deletions(-)	
"Maksym Dogadailo" pushed new code on "Thu, 10 Oct 2019 22:19:20 +0200" with title: "fix: wrap long lines and a little bit of padding for pre element (#1470)" and stats:	 1 file changed, 3 insertions(+)	
"Maksym Dogadailo" pushed new code on "Thu, 10 Oct 2019 22:14:36 +0200" with title: "fix: settings switch used 100% of width (#1471)" and stats:	 1 file changed, 1 deletion(-)	
"Ran Luo" pushed new code on "Fri, 11 Oct 2019 03:00:36 +0800" with title: "Update： electron@6.0.12 (#1467)" and stats:	 2 files changed, 197 insertions(+), 95 deletions(-)	
"Felix Häusler" pushed new code on "Wed, 9 Oct 2019 20:00:17 +0200" with title: "Allow 1x1, 1x2 and 2x1 tables (#1462)" and stats:	 2 files changed, 9 insertions(+), 21 deletions(-)	
"Ran Luo" pushed new code on "Wed, 9 Oct 2019 02:10:58 +0800" with title: "Fix not fail e2e XSS test (#1458)" and stats:	 1 file changed, 18 insertions(+), 4 deletions(-)	
"Ran Luo" pushed new code on "Wed, 9 Oct 2019 02:02:18 +0800" with title: "Fix issue #1455 (#1457)" and stats:	 2 files changed, 8 insertions(+), 2 deletions(-)	
"Ran Luo" pushed new code on "Tue, 8 Oct 2019 14:12:51 +0800" with title: "Optimization of code block (#1445)" and stats:	 29 files changed, 242 insertions(+), 242 deletions(-)	
"Felix Häusler" pushed new code on "Sun, 6 Oct 2019 02:45:55 +0200" with title: "Add file encoding support (#1438)" and stats:	 20 files changed, 360 insertions(+), 96 deletions(-)	
"Ran Luo" pushed new code on "Sun, 6 Oct 2019 08:42:06 +0800" with title: "Support RegExp search and replace in file edit. (#1422)" and stats:	 10 files changed, 540 insertions(+), 338 deletions(-)	
"Felix Häusler" pushed new code on "Sat, 5 Oct 2019 16:55:06 +0200" with title: "Optimize bundle dependency size (#1449)" and stats:	 2 files changed, 105 insertions(+), 138 deletions(-)	
"Ran Luo" pushed new code on "Sat, 5 Oct 2019 20:54:34 +0800" with title: "Fix issue 1378 (#1405)" and stats:	 8 files changed, 53 insertions(+), 28 deletions(-)	
"Ran Luo" pushed new code on "Sat, 5 Oct 2019 20:51:08 +0800" with title: "Update dependences (#1444)" and stats:	 2 files changed, 71 insertions(+), 59 deletions(-)	
"Felix Häusler" pushed new code on "Fri, 4 Oct 2019 15:59:47 +0200" with title: "Fix application menu exceptions (#1437)" and stats:	 14 files changed, 245 insertions(+), 190 deletions(-)	
"Pattarawat Chormai" pushed new code on "Fri, 4 Oct 2019 10:39:47 +0200" with title: "Fix the download section anchor (#1440)" and stats:	 9 files changed, 9 insertions(+), 9 deletions(-)	
"Maksym Dogadailo" pushed new code on "Fri, 4 Oct 2019 03:45:51 +0200" with title: "fix: ag front submenu is not corresponded to other menus (#1443)" and stats:	 1 file changed, 1 insertion(+), 2 deletions(-)	
"Maksym Dogadailo" pushed new code on "Fri, 4 Oct 2019 03:42:43 +0200" with title: "fix: pre tags rendering #1409 (#1442)" and stats:	 1 file changed, 6 insertions(+), 1 deletion(-)	
"Maksym Dogadailo" pushed new code on "Fri, 4 Oct 2019 03:35:41 +0200" with title: "fix: style error in tooltip arrow #1417 (#1441)" and stats:	 1 file changed, 12 deletions(-)	
"Felix Häusler" pushed new code on "Thu, 3 Oct 2019 17:07:53 +0200" with title: "Update documents (#1439)" and stats:	 4 files changed, 8 insertions(+), 7 deletions(-)	
"Ran Luo" pushed new code on "Thu, 3 Oct 2019 23:04:12 +0800" with title: "Opti: support 1 * 1 table (#1371)" and stats:	 4 files changed, 15 insertions(+), 7 deletions(-)	
"Ran Luo" pushed new code on "Thu, 3 Oct 2019 21:26:55 +0800" with title: "fix: #1418 Set file watch option usePolling to true on macOS (#1430)" and stats:	 1 file changed, 2 insertions(+), 1 deletion(-)	
"Ran Luo" pushed new code on "Thu, 3 Oct 2019 08:08:16 +0800" with title: "Unable to open markdown file by command line (#1429)" and stats:	 1 file changed, 1 insertion(+), 1 deletion(-)	
"Ran Luo" pushed new code on "Thu, 3 Oct 2019 05:34:25 +0800" with title: "Feat: link tool support html tag:a and reference link (#1415)" and stats:	 6 files changed, 45 insertions(+), 12 deletions(-)	
"Felix Häusler" pushed new code on "Wed, 2 Oct 2019 23:27:29 +0200" with title: "Complete TOML and JSON front matter (#1402)" and stats:	 13 files changed, 123 insertions(+), 11 deletions(-)	
"Ran Luo" pushed new code on "Wed, 2 Oct 2019 17:26:39 +0800" with title: "Update readme to version 0.15.1 and update dependences (#1416)" and stats:	 11 files changed, 182 insertions(+), 142 deletions(-)	
"Felix Häusler" pushed new code on "Wed, 2 Oct 2019 03:17:41 +0200" with title: "Set CodeMirror viewport to infinity (#1427)" and stats:	 1 file changed, 7 insertions(+)	
"Felix Häusler" pushed new code on "Wed, 2 Oct 2019 03:15:25 +0200" with title: "Update Travi CI distros (#1414)" and stats:	 3 files changed, 14 insertions(+), 16 deletions(-)	
"Ran Luo" pushed new code on "Wed, 2 Oct 2019 09:12:09 +0800" with title: "Feat: support auto link and auto link extension (#1421)" and stats:	 7 files changed, 82 insertions(+), 24 deletions(-)	
"Ran Luo" pushed new code on "Wed, 2 Oct 2019 01:57:25 +0800" with title: "Fix: #1218 backspace error in table cell (#1425)" and stats:	 1 file changed, 17 insertions(+)	
"Ran Luo" pushed new code on "Wed, 2 Oct 2019 01:55:10 +0800" with title: "Fix: #1061 no need to auto pair in inline code (#1423)" and stats:	 1 file changed, 5 insertions(+), 4 deletions(-)	
"Enderson Menezes" pushed new code on "Tue, 1 Oct 2019 10:05:20 -0300" with title: "Update pt.md (#1420)" and stats:	 1 file changed, 6 insertions(+), 6 deletions(-)	
"Enderson Menezes" pushed new code on "Tue, 1 Oct 2019 09:20:05 -0300" with title: "Update pt.md (#1419)" and stats:	 1 file changed, 137 insertions(+), 87 deletions(-)	
"Felix Häusler" pushed new code on "Tue, 1 Oct 2019 07:44:43 +0200" with title: "backport: update changelog (#1412)" and stats:	 1 file changed, 13 insertions(+), 4 deletions(-)	
"Felix Häusler" pushed new code on "Tue, 1 Oct 2019 05:58:44 +0200" with title: "Update documents (#1411)" and stats:	 46 files changed, 1452 insertions(+), 208 deletions(-)	
"Ran Luo" pushed new code on "Tue, 1 Oct 2019 02:02:47 +0800" with title: "fix: image uploading error (#1385)" and stats:	 5 files changed, 75 insertions(+), 11 deletions(-)	
"Ran Luo" pushed new code on "Tue, 1 Oct 2019 02:02:09 +0800" with title: "fix #1401 (#1404)" and stats:	 1 file changed, 4 insertions(+), 5 deletions(-)	
"Felix Häusler" pushed new code on "Mon, 30 Sep 2019 19:55:32 +0200" with title: "Workaround for #1359 (#1389)" and stats:	 2 files changed, 20 insertions(+), 1 deletion(-)	
"Felix Häusler" pushed new code on "Mon, 30 Sep 2019 18:59:01 +0200" with title: "Fix key bindings (#1406)" and stats:	 4 files changed, 41 insertions(+), 26 deletions(-)	
"Felix Häusler" pushed new code on "Mon, 30 Sep 2019 15:40:18 +0200" with title: "Fix portable directory path (#1403)" and stats:	 1 file changed, 1 insertion(+), 1 deletion(-)	
"Ran Luo" pushed new code on "Mon, 30 Sep 2019 09:02:56 +0800" with title: "Opti: save the uploader setting before set as default uploader (#1399)" and stats:	 2 files changed, 11 insertions(+), 4 deletions(-)	
"Ran Luo" pushed new code on "Mon, 30 Sep 2019 06:29:03 +0800" with title: "fix: #1249 (#1400)" and stats:	 1 file changed, 11 insertions(+), 4 deletions(-)	
"Ran Luo" pushed new code on "Mon, 30 Sep 2019 06:24:33 +0800" with title: "Fix #1391 side bar can not be scrolled (#1398)" and stats:	 1 file changed, 2 insertions(+)	
"Ran Luo" pushed new code on "Mon, 30 Sep 2019 06:21:37 +0800" with title: "Fix: exception when deleting code block indentifier (#1384)" and stats:	 4 files changed, 9 insertions(+), 2 deletions(-)	
"Felix Häusler" pushed new code on "Mon, 30 Sep 2019 00:16:41 +0200" with title: "Allow custom fonts (#1394)" and stats:	 10 files changed, 222 insertions(+), 63 deletions(-)	
"Felix Häusler" pushed new code on "Sat, 28 Sep 2019 16:27:48 +0200" with title: "Fix portable directory path" and stats:	 1 file changed, 1 insertion(+), 1 deletion(-)	
"Felix Häusler" pushed new code on "Sat, 28 Sep 2019 15:42:34 +0200" with title: "Release v0.15.1" and stats:	 11 files changed, 20 insertions(+), 19 deletions(-)	
"Felix Häusler" pushed new code on "Sat, 28 Sep 2019 15:38:39 +0200" with title: "Update changelog" and stats:	 1 file changed, 12 insertions(+)	
"Felix Häusler" pushed new code on "Sat, 28 Sep 2019 15:35:19 +0200" with title: "Update dependencies" and stats:	 2 files changed, 10 insertions(+), 10 deletions(-)	
"Ran Luo" pushed new code on "Sat, 28 Sep 2019 21:09:06 +0800" with title: "Fix: #1390 prevent XSS attack" and stats:	 2 files changed, 9 insertions(+), 3 deletions(-)	
"Felix Häusler" pushed new code on "Mon, 19 Aug 2019 12:49:53 +0200" with title: " Fix recommend title exception when heading contains spaces only (#1281)" and stats:	 1 file changed, 5 insertions(+), 2 deletions(-)	
"Felix Häusler" pushed new code on "Mon, 23 Sep 2019 17:15:07 +0200" with title: "Add system emoji fallback fonts (#1348)" and stats:	 1 file changed, 1 insertion(+), 2 deletions(-)	
"Felix Häusler" pushed new code on "Mon, 19 Aug 2019 13:10:57 +0200" with title: "fix: #1284 (#1287)" and stats:	 1 file changed, 1 insertion(+), 2 deletions(-)	
"Felix Häusler" pushed new code on "Sat, 28 Sep 2019 03:13:52 +0200" with title: "fix: #1382 portable application data directory" and stats:	 1 file changed, 2 insertions(+), 1 deletion(-)	
"Ran Luo" pushed new code on "Sat, 28 Sep 2019 21:09:06 +0800" with title: "Fix: #1390 prevent XSS attack (#1393)" and stats:	 2 files changed, 8 insertions(+), 2 deletions(-)	
"Felix Häusler" pushed new code on "Sat, 28 Sep 2019 03:13:52 +0200" with title: "fix: 1382 portable application data directory (#1395)" and stats:	 2 files changed, 4 insertions(+), 1 deletion(-)	
"Ran Luo" pushed new code on "Sat, 28 Sep 2019 09:04:29 +0800" with title: "fix #1135 (#1387)" and stats:	 4 files changed, 11 insertions(+), 10 deletions(-)	
"Felix Häusler" pushed new code on "Fri, 27 Sep 2019 19:53:44 +0200" with title: "Markedjs rebase (#1380)" and stats:	 7 files changed, 55 insertions(+), 49 deletions(-)	
"Felix Häusler" pushed new code on "Fri, 27 Sep 2019 19:27:24 +0200" with title: "fix: #1271 HTML paste handler (#1388)" and stats:	 6 files changed, 73 insertions(+), 34 deletions(-)	
"Ran Luo" pushed new code on "Sat, 28 Sep 2019 01:26:51 +0800" with title: "Update dependences (#1386)" and stats:	 2 files changed, 25 insertions(+), 17 deletions(-)	
"Felix Häusler" pushed new code on "Fri, 27 Sep 2019 19:25:42 +0200" with title: "Add per-tab notifications (#1377)" and stats:	 6 files changed, 253 insertions(+), 54 deletions(-)	
"Felix Häusler" pushed new code on "Fri, 27 Sep 2019 19:25:22 +0200" with title: "fix: #1349 wrong save all tab order (#1370)" and stats:	 2 files changed, 84 insertions(+), 22 deletions(-)	
"Ran Luo" pushed new code on "Fri, 27 Sep 2019 10:43:56 +0800" with title: "fix #1297 (#1302)" and stats:	 1 file changed, 2 insertions(+)	
"Ran Luo" pushed new code on "Thu, 26 Sep 2019 23:47:11 +0800" with title: "Fix: #1265 (#1373)" and stats:	 1 file changed, 4 insertions(+), 3 deletions(-)	
"Ran Luo" pushed new code on "Thu, 26 Sep 2019 23:36:45 +0800" with title: "Fix: #1267 (#1372)" and stats:	 1 file changed, 1 insertion(+), 1 deletion(-)	
"Haoshen Zhong" pushed new code on "Thu, 26 Sep 2019 15:14:12 +0800" with title: "Update README Chinese translation (#1376)" and stats:	 1 file changed, 124 insertions(+), 61 deletions(-)	
"Ran Luo" pushed new code on "Thu, 26 Sep 2019 04:19:18 +0800" with title: "Update: dependences (#1374)" and stats:	 2 files changed, 10 insertions(+), 10 deletions(-)	
